{
 "fitted": "2026-07-21",
 "n_samples": 37395742,
 "phase_max": 24,
 "phase_clamp_min": 6,
 "as": [
  -98.13639812302142,
  391.82136857997517,
  -477.12164229046346,
  281.4266967889727
 ],
 "bs": [
  91.02341860207012,
  -0.9146017347112857,
  -104.77929399825382,
  113.00865534953766
 ]
}