{
 "fitted": "2026-07-07",
 "n_samples": 11210376,
 "phase_max": 24,
 "phase_clamp_min": 6,
 "as": [
  38.18436564532043,
  139.92034851296845,
  -333.8271420937831,
  284.55547427896005
 ],
 "bs": [
  190.43324525189465,
  -183.24659164841955,
  17.86101293516947,
  149.98747764825043
 ]
}