{
 "fitted": "2026-07-23",
 "n_samples": 2966394,
 "phase_max": 24,
 "phase_clamp_min": 6,
 "as": [
  -204.60854416841988,
  562.6024341456957,
  -554.7978290526123,
  297.6838961097708
 ],
 "bs": [
  -31.91009708465896,
  212.33821078582434,
  -213.82582699673287,
  130.1597280362495
 ]
}