{
 "fitted": "2026-07-08",
 "n_samples": 3218089,
 "phase_max": 24,
 "phase_clamp_min": 6,
 "as": [
  -130.30977415073235,
  520.3762594474902,
  -615.959320787385,
  325.7106120676695
 ],
 "bs": [
  89.97131066699568,
  30.24560561869833,
  -135.88789656796948,
  128.95194008199522
 ]
}