{
 "fitted": "2026-07-07",
 "n_samples": 11023358,
 "phase_max": 24,
 "phase_clamp_min": 6,
 "as": [
  125.63836609004697,
  -7.511189863385578,
  -265.27709298424656,
  289.99318442051566
 ],
 "bs": [
  247.1304943342617,
  -275.18442716522617,
  55.48347778689224,
  150.19649520978496
 ]
}