{
 "fitted": "2026-07-18",
 "n_samples": 34234694,
 "phase_max": 24,
 "phase_clamp_min": 6,
 "as": [
  -89.57259612411593,
  374.8719716130802,
  -467.12182754889454,
  279.5527333843635
 ],
 "bs": [
  97.47922944308569,
  -12.091574718162514,
  -98.21868968801675,
  112.03272964593339
 ]
}