{
 "fitted": "2026-07-07",
 "n_samples": 8285061,
 "phase_max": 24,
 "phase_clamp_min": 6,
 "as": [
  -35.38466177504071,
  273.6965611300685,
  -399.03293346037515,
  258.9882338653693
 ],
 "bs": [
  228.91838842284986,
  -239.31290493867928,
  51.970447208446885,
  131.21956534504824
 ]
}