{
 "fitted": "2026-07-23",
 "n_samples": 2757572,
 "phase_max": 24,
 "phase_clamp_min": 6,
 "as": [
  -236.3137379193617,
  617.835829048301,
  -584.0948871080835,
  302.192374185789
 ],
 "bs": [
  -54.657323069815455,
  251.6420640676686,
  -233.61958236742308,
  133.3151146147351
 ]
}