{
 "fitted": "2026-07-22",
 "n_samples": 1545775,
 "phase_max": 24,
 "phase_clamp_min": 6,
 "as": [
  -120.99005639708119,
  384.6117720887078,
  -449.5568246013894,
  280.63837350274645
 ],
 "bs": [
  122.62406363609027,
  -123.63699730238108,
  1.031863281211464,
  90.78108297001145
 ]
}