{
 "fitted": "2026-07-13",
 "n_samples": 23053078,
 "phase_max": 24,
 "phase_clamp_min": 6,
 "as": [
  -87.97208294703432,
  380.03545014378545,
  -477.7206161483052,
  283.39847152616846
 ],
 "bs": [
  84.62507602853566,
  19.692294277658906,
  -120.28047404451574,
  117.98128155910875
 ]
}