{
 "fitted": "2026-07-09",
 "n_samples": 6394731,
 "phase_max": 24,
 "phase_clamp_min": 6,
 "as": [
  -130.77356063128073,
  479.32752862657594,
  -555.2476505177962,
  299.85079102345156
 ],
 "bs": [
  74.54974059640763,
  43.37333527647972,
  -132.02798861667085,
  124.54198829342594
 ]
}