{
 "fitted": "2026-07-22",
 "n_samples": 425368,
 "phase_max": 24,
 "phase_clamp_min": 6,
 "as": [
  -89.15651969649703,
  326.87977854848015,
  -397.1077828109793,
  257.3902422091467
 ],
 "bs": [
  59.732743608263945,
  26.306368789013646,
  -109.19198281103479,
  107.51776673875145
 ]
}