{
 "fitted": "2026-07-19",
 "n_samples": 35464257,
 "phase_max": 24,
 "phase_clamp_min": 6,
 "as": [
  -95.5827310059855,
  385.9739223827328,
  -473.20584720117995,
  280.47313578042935
 ],
 "bs": [
  94.29739651525439,
  -6.928814021592501,
  -100.83964904923802,
  112.28540128015895
 ]
}