{
 "fitted": "2026-07-04",
 "n_samples": 7908135,
 "phase_max": 24,
 "phase_clamp_min": 6,
 "as": [
  159.51233364972995,
  -48.56919510987263,
  -263.8460139443101,
  316.47917525952005
 ],
 "bs": [
  226.16757711757583,
  -233.90843693430023,
  23.066205622117327,
  166.52176350081115
 ]
}