{
 "fitted": "2026-07-10",
 "n_samples": 11166147,
 "phase_max": 24,
 "phase_clamp_min": 6,
 "as": [
  -86.40852303935361,
  378.0235598966492,
  -479.19713877950437,
  280.56010541224674
 ],
 "bs": [
  81.71856942105595,
  29.256071013919538,
  -120.64234218206163,
  119.9676878364639
 ]
}