{
 "fitted": "2026-07-06",
 "n_samples": 9710580,
 "phase_max": 24,
 "phase_clamp_min": 6,
 "as": [
  147.20156708314062,
  -46.95412512596511,
  -244.59663637207743,
  293.7634887068003
 ],
 "bs": [
  247.51977640912267,
  -278.43252994811934,
  56.664297169686954,
  153.06917380330975
 ]
}